{
  "note": "Investigation of the pilot-to-locked LLM-judge F1 drift (review action item #6). No new API calls -- regenerates the exact pilot/locked scenario sets and re-runs detectors, hitting llm_cache/ for every LLM call. Bootstrap CIs (2000 resamples, seed=2026) computed over pairs.",
  "pilot": {
    "n_pairs": 60,
    "n_conflict_pairs": 60,
    "n_non_conflict_pairs": 0,
    "embedding_threshold": {
      "precision": 1.0,
      "recall": 0.8833333333333333,
      "f1": 0.9380530973451328,
      "f1_95pct_bootstrap_ci": [
        0.888888888888889,
        0.9743589743589743
      ],
      "gap_vs_judge": 0.02746414403417763,
      "gap_95pct_bootstrap_ci": [
        0.0,
        0.09090909090909094
      ]
    },
    "nli": {
      "precision": 1.0,
      "recall": 0.8833333333333333,
      "f1": 0.9380530973451328,
      "f1_95pct_bootstrap_ci": [
        0.888888888888889,
        0.9743589743589743
      ],
      "gap_vs_judge": 0.02746414403417763,
      "gap_95pct_bootstrap_ci": [
        0.0,
        0.07267771973654324
      ]
    },
    "llm_judge": {
      "precision": 1.0,
      "recall": 0.9333333333333333,
      "f1": 0.9655172413793104,
      "f1_95pct_bootstrap_ci": [
        0.9285714285714286,
        0.9915966386554621
      ]
    }
  },
  "locked": {
    "n_pairs": 180,
    "n_conflict_pairs": 180,
    "n_non_conflict_pairs": 0,
    "embedding_threshold": {
      "precision": 1.0,
      "recall": 0.9166666666666666,
      "f1": 0.9565217391304348,
      "f1_95pct_bootstrap_ci": [
        0.9349112426035503,
        0.9772727272727273
      ],
      "gap_vs_judge": 0.029393753827311575,
      "gap_95pct_bootstrap_ci": [
        0.00577812018489976,
        0.0560380140914305
      ]
    },
    "nli": {
      "precision": 1.0,
      "recall": 0.8611111111111112,
      "f1": 0.9253731343283582,
      "f1_95pct_bootstrap_ci": [
        0.8957055214723927,
        0.9534883720930233
      ],
      "gap_vs_judge": 0.06054235862938817,
      "gap_95pct_bootstrap_ci": [
        0.035682426404995415,
        0.08915761426521818
      ]
    },
    "llm_judge": {
      "precision": 1.0,
      "recall": 0.9722222222222222,
      "f1": 0.9859154929577464,
      "f1_95pct_bootstrap_ci": [
        0.9714285714285714,
        0.9972144846796658
      ]
    }
  }
}